PLAYER,TEAM,AGE,TOTAL FGA,FGM04,FGA04,FGP04,FGM59,FGA59,FGP59,FGM10,FGA10,FGP10,FGM15,FGA15,FGP15,FGM20,FGA20,FGP20,FGM25,FGA25,FGP25
Nikola Vucevic,CHI,30,985,127,192,66.1,84,175,48,64,142,45.1,57,125,45.6,42,96,43.8,102,255,40
De'Aaron Fox,SAC,23,930,197,303,65,58,125,46.4,63,118,53.4,29,83,34.9,38,104,36.5,61,197,31
Bradley Beal,WAS,27,923,172,268,64.2,53,108,49.1,45,111,40.5,74,133,55.6,38,103,36.9,67,200,33.5
Donovan Mitchell,UTA,24,922,125,236,53,43,114,37.7,36,75,48,29,71,40.8,50,139,36,118,287,41.1
Luka Doncic,DAL,22,906,154,238,64.7,67,142,47.2,55,111,49.5,34,68,50,23,42,54.8,111,305,36.4
Nikola Jokic,DEN,26,894,210,318,66,120,199,60.3,48,109,44,50,90,55.6,28,50,56,52,128,40.6
Jayson Tatum,BOS,23,892,151,241,62.7,44,118,37.3,43,103,41.7,35,95,36.8,43,99,43.4,88,236,37.3
Zach LaVine,CHI,26,892,216,334,64.7,18,42,42.9,14,37,37.8,36,71,50.7,68,145,46.9,105,263,39.9
Julius Randle,NYK,26,880,130,229,56.8,46,104,44.2,69,156,44.2,53,113,46.9,54,123,43.9,58,155,37.4
Damian Lillard,POR,30,872,156,268,58.2,14,47,29.8,16,33,48.5,26,54,48.1,44,109,40.4,144,361,39.9
Jaylen Brown,BOS,24,866,162,265,61.1,49,110,44.5,35,79,44.3,41,87,47.1,58,128,45.3,75,197,38.1
Devin Booker,PHX,24,846,135,212,63.7,47,88,53.4,77,153,50.3,58,106,54.7,44,93,47.3,63,194,32.5
Anthony Edwards,MIN,19,832,172,312,55.1,24,65,36.9,6,33,18.2,12,64,18.8,55,153,35.9,62,205,30.2
Giannis Antetokounmpo,MIL,26,826,349,452,77.2,31,96,32.3,15,51,29.4,16,49,32.7,14,32,43.8,43,146,29.5
Brandon Ingram,NOP,23,819,109,162,67.3,25,66,37.9,68,138,49.3,66,142,46.5,55,135,40.7,68,176,38.6
Jerami Grant,DET,27,810,139,235,59.1,32,86,37.2,21,64,32.8,39,103,37.9,41,116,35.3,73,206,35.4
Stephen Curry,GSW,33,806,110,181,60.8,38,68,55.9,27,46,58.7,21,47,44.7,46,114,40.4,149,350,42.6
Russell Westbrook,WAS,32,801,155,251,61.8,37,103,35.9,20,68,29.4,62,151,41.1,28,80,35,45,148,30.4
Collin Sexton,CLE,22,784,144,241,59.8,69,149,46.3,69,127,54.3,21,66,31.8,25,60,41.7,49,141,34.8
Trae Young,ATL,22,768,101,194,52.1,73,155,47.1,43,113,38.1,18,38,47.4,25,54,46.3,75,214,35
Kawhi Leonard,LAC,29,764,130,180,72.2,53,104,51,73,145,50.3,52,118,44.1,28,70,40,58,147,39.5
Jamal Murray,DEN,24,763,98,144,68.1,35,67,52.2,46,93,49.5,55,126,43.7,48,118,40.7,86,215,40
Malcolm Brogdon,IND,28,763,153,296,51.7,15,35,42.9,21,51,41.2,33,70,47.1,41,83,49.4,86,228,37.7
Kyrie Irving,BKN,29,748,115,188,61.2,61,113,54,59,115,51.3,42,66,63.6,24,60,40,84,206,40.8
RJ Barrett,NYK,20,746,187,344,54.4,33,94,35.1,21,53,39.6,21,60,35,47,124,37.9,24,71,33.8
LeBron James,LAL,36,745,203,276,73.6,25,50,50,28,69,40.6,24,68,35.3,24,67,35.8,81,215,37.7
Jordan Clarkson,UTA,28,739,71,116,61.2,69,143,48.3,23,44,52.3,0,1,0,53,159,33.3,97,276,35.1
Khris Middleton,MIL,29,736,94,153,61.4,37,70,52.9,58,122,47.5,53,113,46.9,38,92,41.3,80,186,43
Terry Rozier,CHA,27,718,100,172,58.1,25,60,41.7,35,61,57.4,17,37,45.9,74,165,44.8,85,223,38.1
Buddy Hield,SAC,28,715,44,80,55,6,25,24,14,38,36.8,13,35,37.1,83,190,43.7,123,347,35.4
Zion Williamson,NOP,20,712,407,620,65.6,26,63,41.3,3,5,60,0,0,0,2,6,33.3,6,18,33.3
James Harden,BKN,31,711,149,250,59.6,53,111,47.7,9,24,37.5,6,10,60,22,53,41.5,93,263,35.4
Andrew Wiggins,GSW,26,708,137,211,64.9,35,76,46.1,22,62,35.5,31,76,40.8,42,117,35.9,71,166,42.8
Fred VanVleet,TOR,27,696,80,173,46.2,10,38,26.3,17,42,40.5,22,47,46.8,36,105,34.3,111,291,38.1
Tobias Harris,PHI,28,691,135,209,64.6,73,142,51.4,44,89,49.4,39,79,49.4,28,58,48.3,44,114,38.6
Domantas Sabonis,IND,24,671,253,373,67.8,42,108,38.9,11,36,30.6,11,35,31.4,6,20,30,30,99,30.3
Pascal Siakam,TOR,27,664,151,255,59.2,50,123,40.7,19,44,43.2,25,58,43.1,17,62,27.4,40,122,32.8
Dillon Brooks,MEM,25,659,77,140,55,22,73,30.1,56,129,43.4,26,65,40,36,87,41.4,48,165,29.1
Dejounte Murray,SAS,24,658,111,184,60.3,37,92,40.2,58,132,43.9,52,115,45.2,17,52,32.7,26,83,31.3
Gordon Hayward,CHA,31,658,109,173,63,36,97,37.1,43,94,45.7,33,69,47.8,39,86,45.3,51,139,36.7
Paul George,LAC,30,631,91,160,56.9,18,51,35.3,26,54,48.1,39,77,50.6,46,87,52.9,77,202,38.1
Kelly Oubre Jr.,GSW,25,629,145,243,59.7,31,82,37.8,19,39,48.7,6,19,31.6,41,120,34.2,32,126,25.4
Tim Hardaway Jr.,DAL,29,619,83,136,61,13,36,36.1,15,33,45.5,23,52,44.2,51,124,41.1,93,238,39.1
Norman Powell,POR,27,616,141,236,59.7,17,47,36.2,8,23,34.8,10,19,52.6,70,137,51.1,60,154,39
John Collins,ATL,23,610,185,262,70.6,34,84,40.5,37,73,50.7,13,28,46.4,24,66,36.4,40,97,41.2
Gary Trent Jr.,TOR,22,608,50,87,57.5,13,38,34.2,22,52,42.3,23,63,36.5,58,145,40,89,223,39.9
DeMar DeRozan,SAS,31,600,104,181,57.5,50,98,51,68,142,47.9,52,105,49.5,13,40,32.5,9,34,26.5
Malik Beasley,MIN,24,600,82,151,54.3,27,53,50.9,10,41,24.4,12,27,44.4,75,170,44.1,58,158,36.7
Coby White,CHI,21,594,81,164,49.4,13,37,35.1,18,34,52.9,24,59,40.7,51,121,42.1,57,179,31.8
Darius Garland,CLE,21,590,98,178,55.1,55,128,43,20,62,32.3,16,33,48.5,25,63,39.7,51,126,40.5
Ja Morant,MEM,21,589,149,253,58.9,43,116,37.1,34,75,45.3,4,15,26.7,6,22,27.3,27,108,25
Chris Paul,PHX,35,584,30,50,60,36,59,61,67,136,49.3,87,164,53,20,43,46.5,51,132,38.6
Bojan Bogdanovic,UTA,31,583,65,131,49.6,36,83,43.4,19,43,44.2,3,15,20,65,182,35.7,56,129,43.4
Joel Embiid,PHI,27,572,113,172,65.7,35,88,39.8,54,115,47,47,86,54.7,18,28,64.3,32,83,38.6
John Wall,HOU,30,568,109,212,51.4,16,34,47.1,13,31,41.9,20,75,26.7,21,57,36.8,50,159,31.4
Bam Adebayo,MIA,23,563,181,251,72.1,51,109,46.8,53,112,47.3,26,76,34.2,5,10,50,1,5,20
Carmelo Anthony,POR,36,563,28,52,53.8,18,44,40.9,50,112,44.6,49,106,46.2,43,123,35,46,126,36.5
Shai Gilgeous-Alexander,OKC,22,562,145,237,61.2,41,78,52.6,20,51,39.2,8,23,34.8,25,56,44.6,47,117,40.2
Dennis Schroder,LAL,27,558,110,213,51.6,22,58,37.9,27,73,37,31,60,51.7,20,59,33.9,31,95,32.6
Terrence Ross,ORL,30,555,29,53,54.7,14,43,32.6,40,74,54.1,46,103,44.7,33,105,31.4,63,177,35.6
Karl-Anthony Towns,MIN,25,549,135,212,63.7,34,80,42.5,8,30,26.7,11,24,45.8,29,73,39.7,50,130,38.5
Victor Oladipo,MIA,28,548,96,167,57.5,21,55,38.2,14,35,40,12,50,24,34,79,43,46,162,28.4
Kyle Kuzma,LAL,25,544,109,170,64.1,13,39,33.3,7,26,26.9,7,25,28,51,141,36.2,54,143,37.8
Tyler Herro,MIA,21,529,80,129,62,25,57,43.9,9,37,24.3,31,68,45.6,23,59,39,57,179,31.8
Harrison Barnes,SAC,28,519,144,228,63.2,34,75,45.3,7,18,38.9,1,3,33.3,30,85,35.3,41,110,37.3
Joe Harris,BKN,29,519,58,97,59.8,11,20,55,20,36,55.6,9,20,45,66,133,49.6,101,213,47.4
Kevin Huerter,ATL,22,517,46,84,54.8,24,61,39.3,29,59,49.2,13,24,54.2,46,112,41.1,57,177,32.2
LaMelo Ball,CHA,19,509,110,202,54.5,21,41,51.2,13,38,34.2,12,27,44.4,16,52,30.8,60,149,40.3
Deandre Ayton,PHX,22,506,212,299,70.9,54,94,57.4,30,63,47.6,7,28,25,3,9,33.3,3,13,23.1
Jimmy Butler,MIA,31,506,158,239,66.1,31,80,38.8,25,74,33.8,13,38,34.2,12,39,30.8,7,36,19.4
Jonas Valanciunas,MEM,28,502,182,288,63.2,62,121,51.2,17,44,38.6,6,9,66.7,3,12,25,9,28,32.1
Jrue Holiday,MIL,30,501,125,191,65.4,22,51,43.1,22,40,55,15,34,44.1,22,63,34.9,50,122,41
Will Barton,DEN,30,499,86,160,53.8,22,65,33.8,12,27,44.4,13,29,44.8,36,76,47.4,46,142,32.4
Mike Conley,UTA,33,497,51,93,54.8,37,65,56.9,23,56,41.1,4,15,26.7,42,98,42.9,72,170,42.4
Josh Jackson,DET,24,496,112,189,59.3,21,64,32.8,8,29,27.6,15,31,48.4,26,79,32.9,28,104,26.9
Duncan Robinson,MIA,26,492,37,46,80.4,4,9,44.4,3,8,37.5,1,6,16.7,54,133,40.6,115,290,39.7
Kyle Lowry,TOR,35,491,69,116,59.5,9,29,31,10,29,34.5,16,39,41,29,67,43.3,83,211,39.3
Clint Capela,ATL,26,488,263,416,63.2,21,61,34.4,3,10,30,1,1,100,0,0,0,0,0,0
Montrezl Harrell,LAL,27,486,239,332,72,36,66,54.5,23,54,42.6,9,26,34.6,0,4,0,0,4,0
Dwayne Bacon,ORL,25,484,89,169,52.7,20,54,37,16,43,37.2,18,57,31.6,17,63,27,32,98,32.7
Kristaps Porzingis,DAL,25,480,89,133,66.9,31,58,53.4,27,68,39.7,18,38,47.4,13,32,40.6,54,151,35.8
Eric Bledsoe,NOP,31,479,62,107,57.9,12,44,27.3,16,44,36.4,15,35,42.9,42,98,42.9,52,151,34.4
Elfrid Payton,NYK,27,475,124,227,54.6,40,99,40.4,12,42,28.6,11,23,47.8,12,47,25.5,8,37,21.6
Keldon Johnson,SAS,21,475,156,263,59.3,18,60,30,8,18,44.4,2,9,22.2,16,49,32.7,26,76,34.2
Lonzo Ball,NOP,23,475,54,94,57.4,5,18,27.8,6,19,31.6,13,27,48.1,51,127,40.2,75,190,39.5
Kemba Walker,BOS,30,470,54,91,59.3,11,35,31.4,15,36,41.7,15,46,32.6,17,59,28.8,77,203,37.9
Lou Williams,ATL,34,469,49,93,52.7,29,71,40.8,34,81,42,30,86,34.9,29,71,40.8,26,67,38.8
Shake Milton,PHI,24,469,66,124,53.2,37,79,46.8,34,66,51.5,28,55,50.9,19,44,43.2,31,101,30.7
Patty Mills,SAS,32,468,43,75,57.3,3,10,30,4,11,36.4,18,36,50,52,114,45.6,82,222,36.9
Mikal Bridges,PHX,24,462,117,151,77.5,20,46,43.5,13,35,37.1,6,15,40,68,148,45.9,21,67,31.3
Tyrese Haliburton,SAC,21,462,54,80,67.5,36,69,52.2,21,44,47.7,17,34,50,45,105,42.9,54,130,41.5
Michael Porter Jr.,DEN,22,460,110,156,70.5,12,28,42.9,8,16,50,16,34,47.1,47,97,48.5,55,129,42.6
CJ McCollum,POR,29,457,37,69,53.6,17,43,39.5,21,44,47.7,21,43,48.8,39,99,39.4,69,159,43.4
Rui Hachimura,WAS,23,455,100,155,64.5,30,62,48.4,22,51,43.1,26,67,38.8,16,55,29.1,24,65,36.9
Luguentz Dort,OKC,21,454,80,159,50.3,10,37,27,3,10,30,3,7,42.9,37,96,38.5,43,145,29.7
Ben Simmons,PHI,24,453,197,322,61.2,37,91,40.7,9,30,30,1,1,100,1,5,20,2,4,50
Doug McDermott,IND,29,451,144,219,65.8,11,20,55,1,4,25,1,2,50,28,71,39.4,53,135,39.3
Cedi Osman,CLE,25,446,59,125,47.2,11,37,29.7,8,21,38.1,1,8,12.5,27,89,30.3,52,166,31.3
Chris Boucher,TOR,28,445,140,213,65.7,12,32,37.5,2,4,50,3,8,37.5,15,43,34.9,59,145,40.7
Devonte' Graham,CHA,26,445,16,41,39,5,19,26.3,7,26,26.9,22,47,46.8,30,70,42.9,88,242,36.4
Donte DiVincenzo,MIL,24,442,74,147,50.3,7,17,41.2,6,21,28.6,6,18,33.3,25,56,44.6,68,183,37.2
Richaun Holmes,SAC,27,438,157,221,71,38,78,48.7,71,101,70.3,13,30,43.3,1,2,50,1,6,16.7
Immanuel Quickley,NYK,21,437,23,41,56.1,30,79,38,23,68,33.8,7,24,29.2,25,56,44.6,60,169,35.5
Justin Holiday,IND,32,437,50,85,58.8,2,6,33.3,1,8,12.5,8,18,44.4,59,152,38.8,63,168,37.5
Kelly Olynyk,HOU,29,435,92,119,77.3,10,24,41.7,4,12,33.3,3,7,42.9,30,88,34.1,62,185,33.5
P.J. Washington,CHA,22,433,89,171,52,31,73,42.5,5,17,29.4,1,8,12.5,24,56,42.9,37,108,34.3
Kendrick Nunn,MIA,25,432,77,126,61.1,14,30,46.7,11,30,36.7,18,35,51.4,18,57,31.6,60,154,39
Kyle Anderson,MEM,27,431,60,94,63.8,38,77,49.4,33,59,55.9,7,25,28,41,109,37.6,25,67,37.3
Brook Lopez,MIL,33,425,99,131,75.6,23,56,41.1,6,15,40,2,10,20,32,79,40.5,43,134,32.1
Thaddeus Young,CHI,32,424,177,268,66,58,110,52.7,7,13,53.8,2,9,22.2,4,16,25,2,8,25
Rudy Gobert,UTA,28,417,269,384,70.1,5,25,20,0,2,0,0,4,0,1,2,50,0,0,0
Marvin Bagley III,SAC,22,415,137,210,65.2,28,86,32.6,6,12,50,4,11,36.4,21,52,40.4,13,44,29.5
Myles Turner,IND,25,415,114,168,67.9,15,32,46.9,3,11,27.3,2,6,33.3,19,62,30.6,47,136,34.6
Christian Wood,HOU,25,414,134,173,77.5,17,51,33.3,10,25,40,8,30,26.7,16,44,36.4,33,91,36.3
Enes Kanter,POR,28,412,231,357,64.7,14,41,34.1,2,6,33.3,1,7,14.3,0,0,0,0,1,0
Jae'Sean Tate,HOU,25,412,151,230,65.7,20,41,48.8,0,8,0,1,4,25,24,68,35.3,20,61,32.8
Jalen Brunson,DAL,24,406,86,122,70.5,22,48,45.8,35,60,58.3,19,34,55.9,27,63,42.9,30,79,38
Saddiq Bey,DET,21,406,39,73,53.4,8,25,32,6,14,42.9,2,11,18.2,45,100,45,62,183,33.9
Evan Fournier,BOS,28,404,50,86,58.1,18,34,52.9,15,28,53.6,10,27,37,35,90,38.9,58,139,41.7
Rudy Gay,SAS,34,402,38,72,52.8,21,44,47.7,19,56,33.9,17,48,35.4,28,67,41.8,46,115,40
Danny Green,PHI,33,401,18,36,50,5,18,27.8,9,15,60,5,11,45.5,67,169,39.6,62,152,40.8
Darius Bazley,OKC,20,401,84,150,56,6,26,23.1,6,15,40,7,19,36.8,25,90,27.8,29,101,28.7
Josh Richardson,DAL,27,401,55,82,67.1,18,44,40.9,20,38,52.6,17,42,40.5,22,62,35.5,46,133,34.6
Alec Burks,NYK,29,393,40,84,47.6,9,26,34.6,15,43,34.9,18,41,43.9,43,100,43,42,99,42.4
Naz Reid,MIN,21,393,135,207,65.2,29,67,43.3,0,6,0,0,0,0,18,45,40,23,68,33.8
Bobby Portis,MIL,26,389,85,125,68,19,50,38,30,54,55.6,17,43,39.5,27,52,51.9,32,65,49.2
Seth Curry,PHI,30,387,27,52,51.9,16,29,55.2,14,31,45.2,27,56,48.2,37,78,47.4,55,141,39
Marcus Morris Sr.,LAC,31,386,18,39,46.2,10,30,33.3,34,61,55.7,20,55,36.4,49,94,52.1,47,107,43.9
Andre Drummond,LAL,27,385,147,293,50.2,32,71,45.1,3,10,30,0,3,0,0,3,0,0,5,0
Lonnie Walker IV,SAS,22,384,62,111,55.9,8,25,32,13,29,44.8,16,38,42.1,23,65,35.4,42,116,36.2
Anthony Davis,LAL,28,382,90,122,73.8,35,57,61.4,40,79,50.6,20,55,36.4,12,31,38.7,7,38,18.4
Brandon Clarke,MEM,24,382,127,188,67.6,32,71,45.1,19,54,35.2,3,7,42.9,15,46,32.6,4,16,25
Jae Crowder,PHX,30,381,26,40,65,5,12,41.7,3,7,42.9,3,9,33.3,49,136,36,70,177,39.5
Nickeil Alexander-Walker,NOP,22,376,54,110,49.1,18,35,51.4,5,12,41.7,10,20,50,43,114,37.7,28,85,32.9
Caris LeVert,IND,26,375,63,108,58.3,16,49,32.7,25,59,42.4,8,24,33.3,18,46,39.1,27,89,30.3
Patrick Williams,CHI,19,374,85,131,64.9,11,37,29.7,18,43,41.9,19,48,39.6,30,69,43.5,16,46,34.8
Reggie Jackson,LAC,30,374,52,89,58.4,18,42,42.9,13,34,38.2,10,29,34.5,33,67,49.3,42,113,37.2
Theo Maledon,OKC,19,373,33,85,38.8,13,32,40.6,14,36,38.9,6,20,30,30,76,39.5,46,124,37.1
Miles Bridges,CHA,23,369,105,157,66.9,10,23,43.5,2,9,22.2,1,8,12.5,33,81,40.7,32,91,35.2
Al Horford,OKC,34,360,53,88,60.2,24,54,44.4,14,28,50,14,32,43.8,16,47,34,41,111,36.9
Kevin Durant,BKN,32,359,51,73,69.9,19,41,46.3,40,74,54.1,25,48,52.1,14,30,46.7,39,93,41.9
OG Anunoby,TOR,23,359,86,132,65.2,5,23,21.7,6,12,50,2,8,25,40,99,40.4,34,85,40
Eric Gordon,HOU,32,356,76,115,66.1,12,32,37.5,2,7,28.6,0,1,0,10,28,35.7,54,173,31.2
Bryn Forbes,MIL,27,352,12,26,46.2,7,22,31.8,11,24,45.8,17,39,43.6,46,83,55.4,66,158,41.8
Derrick Rose,NYK,32,350,55,118,46.6,19,49,38.8,18,45,40,24,51,47.1,8,25,32,24,62,38.7
Reggie Bullock,NYK,30,349,20,41,48.8,6,11,54.5,10,18,55.6,12,28,42.9,47,113,41.6,56,138,40.6
Robert Covington,POR,30,349,39,71,54.9,3,14,21.4,0,4,0,4,8,50,28,82,34.1,72,170,42.4
Lauri Markkanen,CHI,23,345,72,111,64.9,20,35,57.1,3,11,27.3,0,4,0,26,62,41.9,44,122,36.1
Serge Ibaka,LAC,31,345,84,123,68.3,23,57,40.4,8,21,38.1,20,32,62.5,7,21,33.3,32,91,35.2
Jeff Green,BKN,34,344,74,111,66.7,9,32,28.1,15,25,60,3,12,25,43,101,42.6,26,63,41.3
Joe Ingles,UTA,33,343,44,63,69.8,11,23,47.8,6,10,60,0,0,0,56,105,53.3,68,142,47.9
Josh Hart,NOP,26,342,69,113,61.1,8,13,61.5,3,6,50,6,14,42.9,31,94,33,33,102,32.4
D'Angelo Russell,MIN,25,340,31,52,59.6,8,18,44.4,12,38,31.6,23,68,33.8,31,56,55.4,40,108,37
James Wiseman,GSW,20,339,118,160,73.8,16,57,28.1,7,31,22.6,13,35,37.1,10,30,33.3,9,26,34.6
Goran Dragic,MIA,34,338,54,94,57.4,13,33,39.4,26,48,54.2,6,20,30,17,34,50,35,109,32.1
Hamidou Diallo,DET,22,338,112,184,60.9,17,39,43.6,8,30,26.7,10,28,35.7,9,28,32.1,10,29,34.5
Cameron Johnson,PHX,25,335,38,58,65.5,10,15,66.7,6,15,40,5,14,35.7,56,120,46.7,33,113,29.2
Danilo Gallinari,ATL,32,333,24,41,58.5,7,15,46.7,21,42,50,13,36,36.1,24,64,37.5,55,135,40.7
Ricky Rubio,MIN,30,332,52,97,53.6,13,33,39.4,17,40,42.5,4,27,14.8,31,84,36.9,10,51,19.6
Jarrett Allen,CLE,22,330,175,246,71.1,20,45,44.4,4,13,30.8,5,13,38.5,2,5,40,3,8,37.5
Aaron Gordon,DEN,25,329,66,106,62.3,13,32,40.6,17,37,45.9,10,28,35.7,17,46,37,30,80,37.5
Delon Wright,SAC,28,329,95,160,59.4,15,46,32.6,3,13,23.1,3,6,50,12,41,29.3,24,63,38.1
Talen Horton-Tucker,LAL,20,329,113,193,58.5,5,21,23.8,7,16,43.8,1,10,10,13,44,29.5,9,45,20
Mason Plumlee,DET,31,324,171,237,72.2,17,48,35.4,2,13,15.4,6,15,40,0,8,0,0,3,0
Denzel Valentine,CHI,27,320,19,34,55.9,14,32,43.8,15,45,33.3,7,16,43.8,20,67,29.9,46,126,36.5
Desmond Bane,MEM,22,317,40,71,56.3,17,32,53.1,10,26,38.5,10,18,55.6,41,90,45.6,34,80,42.5
Malik Monk,CHA,23,317,54,97,55.7,11,24,45.8,4,16,25,7,17,41.2,23,42,54.8,49,121,40.5
Marcus Smart,BOS,27,317,36,73,49.3,12,25,48,10,25,40,13,19,68.4,21,50,42,37,125,29.6
Tyus Jones,MEM,24,316,32,63,50.8,26,51,51,41,80,51.3,4,10,40,15,54,27.8,18,58,31
Isaac Okoro,CLE,20,315,90,159,56.6,5,26,19.2,0,4,0,0,1,0,25,76,32.9,14,49,28.6
Sterling Brown,HOU,26,315,47,83,56.6,5,14,35.7,2,5,40,1,8,12.5,42,107,39.3,44,98,44.9
Kentavious Caldwell-Pope,LAL,28,313,47,86,54.7,4,14,28.6,1,11,9.1,6,16,37.5,40,107,37.4,30,79,38
Monte Morris,DEN,25,312,65,95,68.4,13,35,37.1,16,32,50,11,30,36.7,19,60,31.7,24,60,40
Daniel Theis,CHI,29,307,86,115,74.8,11,27,40.7,20,30,66.7,16,31,51.6,17,43,39.5,19,61,31.1
Svi Mykhailiuk,OKC,23,307,37,61,60.7,4,16,25,4,9,44.4,5,6,83.3,30,77,39,42,138,30.4
Aaron Holiday,IND,24,306,47,114,41.2,14,32,43.8,8,19,42.1,6,10,60,16,40,40,28,91,30.8
Raul Neto,WAS,28,305,46,87,52.9,29,63,46,15,27,55.6,7,17,41.2,12,40,30,26,71,36.6
Cory Joseph,DET,29,301,55,83,66.3,27,51,52.9,8,35,22.9,8,23,34.8,27,62,43.5,12,47,25.5
Nicolas Batum,LAC,32,299,35,54,64.8,1,3,33.3,5,11,45.5,6,17,35.3,50,120,41.7,40,94,42.6
Wendell Carter Jr.,ORL,21,299,97,157,61.8,26,48,54.2,13,34,38.2,12,29,41.4,3,9,33.3,6,22,27.3
Jaylen Nowell,MIN,21,298,36,68,52.9,18,44,40.9,20,33,60.6,14,26,53.8,19,52,36.5,27,75,36
Bruce Brown,BKN,24,297,123,180,68.3,23,55,41.8,6,17,35.3,0,3,0,11,40,27.5,0,2,0
Eric Paschall,GSW,24,292,70,116,60.3,16,40,40,8,22,36.4,27,53,50.9,12,26,46.2,10,35,28.6
Isaiah Roby,OKC,23,292,105,174,60.3,16,34,47.1,3,10,30,0,3,0,11,23,47.8,12,48,25
T.J. McConnell,IND,29,292,74,128,57.8,50,83,60.2,22,44,50,6,10,60,5,15,33.3,3,12,25
Derrick White,SAS,26,290,38,68,55.9,13,32,40.6,6,23,26.1,3,8,37.5,16,42,38.1,36,117,30.8
Davis Bertans,WAS,28,289,14,21,66.7,1,4,25,0,1,0,1,7,14.3,23,64,35.9,77,192,40.1
Luke Kennard,LAC,24,288,25,41,61,10,19,52.6,16,34,47.1,15,35,42.9,28,64,43.8,45,95,47.4
Furkan Korkmaz,PHI,23,286,30,53,56.6,3,16,18.8,6,15,40,9,24,37.5,24,66,36.4,41,112,36.6
Jakob Poeltl,SAS,25,282,143,207,69.1,24,54,44.4,8,17,47.1,0,3,0,1,1,100,0,0,0
Dorian Finney-Smith,DAL,27,281,53,79,67.1,3,13,23.1,0,2,0,1,5,20,34,95,35.8,33,87,37.9
Kenrich Williams,OKC,26,281,79,114,69.3,21,38,55.3,10,21,47.6,8,20,40,29,59,49.2,10,29,34.5
Tyrese Maxey,PHI,20,281,53,93,57,17,42,40.5,20,33,60.6,15,36,41.7,7,28,25,17,49,34.7
Wayne Ellington,DET,33,281,21,30,70,1,4,25,2,5,40,7,15,46.7,27,74,36.5,68,153,44.4
Anfernee Simons,POR,21,280,14,30,46.7,7,21,33.3,1,9,11.1,7,14,50,29,62,46.8,57,144,39.6
Robin Lopez,WAS,33,278,106,161,65.8,54,91,59.3,4,9,44.4,0,0,0,2,14,14.3,3,3,100
Royce O'Neale,UTA,27,276,39,60,65,2,8,25,1,2,50,0,1,0,38,92,41.3,41,113,36.3
LaMarcus Aldridge,BKN,35,275,26,46,56.5,10,22,45.5,12,34,35.3,35,69,50.7,27,54,50,17,50,34
Timothe Luwawu-Cabarrot,BKN,25,275,32,67,47.8,4,10,40,1,6,16.7,3,9,33.3,36,105,34.3,25,78,32.1
De'Anthony Melton,MEM,22,272,37,63,58.7,10,29,34.5,14,25,56,5,9,55.6,29,63,46,36,83,43.4
Landry Shamet,BKN,24,271,15,32,46.9,3,4,75,6,15,40,5,15,33.3,36,84,42.9,43,121,35.5
Paul Millsap,DEN,36,271,72,101,71.3,20,49,40.8,3,11,27.3,1,5,20,18,37,48.6,22,68,32.4
Cole Anthony,ORL,20,269,35,73,47.9,15,57,26.3,15,32,46.9,7,15,46.7,10,37,27,19,55,34.5
Aron Baynes,TOR,34,267,74,132,56.1,8,21,38.1,6,14,42.9,2,5,40,6,31,19.4,17,64,26.6
Ivica Zubac,LAC,24,266,156,232,67.2,12,26,46.2,1,3,33.3,2,4,50,0,0,0,0,1,0
Grayson Allen,MEM,25,265,19,31,61.3,11,27,40.7,7,21,33.3,0,3,0,24,67,35.8,51,116,44
Mike Muscala,OKC,29,264,29,45,64.4,6,10,60,7,9,77.8,7,15,46.7,30,75,40,39,110,35.5
Garrett Temple,CHI,34,263,41,69,59.4,8,14,57.1,10,24,41.7,5,13,38.5,34,95,35.8,14,48,29.2
Deni Avdija,WAS,20,262,48,71,67.6,10,30,33.3,2,6,33.3,3,10,30,14,50,28,34,95,35.8
Cam Reddish,ATL,21,261,49,85,57.6,4,21,19,4,15,26.7,5,13,38.5,20,61,32.8,14,66,21.2
Derrick Jones Jr.,POR,24,261,86,137,62.8,2,6,33.3,1,1,100,0,0,0,30,83,36.1,9,34,26.5
Terence Davis,SAC,23,259,45,79,57,4,14,28.6,1,3,33.3,2,6,33.3,29,62,46.8,29,95,30.5
D.J. Augustin,HOU,33,257,24,52,46.2,6,11,54.5,4,18,22.2,6,12,50,20,53,37.7,42,111,37.8
Markieff Morris,LAL,31,255,29,43,67.4,14,26,53.8,11,27,40.7,5,11,45.5,29,74,39.2,21,74,28.4
Trey Burke,DAL,28,255,28,47,59.6,5,11,45.5,18,31,58.1,13,32,40.6,20,63,31.7,30,71,42.3
Payton Pritchard,BOS,23,251,35,61,57.4,8,18,44.4,5,15,33.3,3,9,33.3,27,50,54,38,98,38.8
Jaden McDaniels,MIN,20,250,39,66,59.1,13,27,48.1,4,11,36.4,2,9,22.2,33,82,40.2,19,55,34.5
Aleksej Pokusevski,OKC,19,249,22,48,45.8,7,24,29.2,7,17,41.2,9,27,33.3,14,48,29.2,22,85,25.9
Blake Griffin,BKN,32,249,43,67,64.2,9,29,31,2,9,22.2,1,8,12.5,14,50,28,31,86,36
Bogdan Bogdanovic,ATL,28,249,27,40,67.5,5,15,33.3,11,28,39.3,7,15,46.7,21,53,39.6,39,98,39.8
Steven Adams,NOP,27,247,131,192,68.2,17,37,45.9,8,18,44.4,0,0,0,0,0,0,0,0,0
Pat Connaughton,MIL,28,246,45,72,62.5,1,4,25,1,1,100,0,5,0,14,44,31.8,51,120,42.5
Taurean Prince,CLE,27,244,28,64,43.8,7,27,25.9,7,22,31.8,3,10,30,22,56,39.3,25,65,38.5
Dario Saric,PHX,26,242,58,97,59.8,9,21,42.9,8,14,57.1,1,5,20,16,31,51.6,20,74,27
JaMychal Green,DEN,30,242,45,75,60,12,22,54.5,1,5,20,1,7,14.3,19,53,35.8,34,80,42.5
Danuel House Jr.,HOU,27,240,43,77,55.8,2,8,25,1,5,20,3,13,23.1,22,67,32.8,27,70,38.6
Draymond Green,GSW,31,239,69,119,58,7,20,35,1,8,12.5,2,12,16.7,5,20,25,17,60,28.3
Isaiah Stewart,DET,19,237,91,152,59.9,16,30,53.3,9,19,47.4,6,9,66.7,0,6,0,10,21,47.6
Terance Mann,LAC,24,237,79,121,65.3,4,20,20,8,26,30.8,3,12,25,18,42,42.9,5,16,31.3
Jordan Poole,GSW,21,236,39,57,68.4,8,17,47.1,6,17,35.3,4,13,30.8,14,26,53.8,33,106,31.1
Larry Nance Jr.,CLE,28,234,59,94,62.8,12,24,50,3,10,30,5,13,38.5,10,33,30.3,25,60,41.7
Damion Lee,GSW,28,233,19,24,79.2,5,10,50,12,22,54.5,0,2,0,36,77,46.8,34,98,34.7
Michael Carter-Williams,ORL,29,229,56,106,52.8,12,38,31.6,6,25,24,0,10,0,7,18,38.9,6,32,18.8
Georges Niang,UTA,27,228,14,24,58.3,11,16,68.8,6,21,28.6,0,0,0,35,85,41.2,32,82,39
Kent Bazemore,GSW,31,227,41,63,65.1,9,22,40.9,3,11,27.3,5,18,27.8,29,74,39.2,15,39,38.5
Otto Porter Jr.,ORL,27,225,29,44,65.9,6,22,27.3,11,22,50,7,21,33.3,26,60,43.3,19,56,33.9
Dwight Howard,PHI,35,221,105,170,61.8,13,21,61.9,2,7,28.6,4,7,57.1,2,6,33.3,3,10,30
Ben McLemore,HOU,28,220,18,31,58.1,3,7,42.9,0,6,0,2,9,22.2,34,67,50.7,22,100,22
De'Andre Hunter,ATL,23,220,39,59,66.1,14,23,60.9,13,29,44.8,10,16,62.5,22,52,42.3,14,41,34.1
Tristan Thompson,BOS,30,220,76,142,53.5,37,67,55.2,5,9,55.6,0,1,0,1,1,100,0,0,0
David Nwaba,HOU,28,217,81,131,61.8,8,19,42.1,0,5,0,0,0,0,8,38,21.1,9,24,37.5
Damyean Dotson,CLE,26,216,31,48,64.6,6,12,50,5,13,38.5,9,23,39.1,17,53,32.1,18,67,26.9
JaVale McGee,DEN,33,215,75,114,65.8,26,62,41.9,4,13,30.8,3,6,50,2,7,28.6,3,13,23.1
Rodney Hood,TOR,28,215,14,29,48.3,7,26,26.9,14,34,41.2,13,27,48.1,14,50,28,18,49,36.7
JJ Redick,DAL,36,214,3,4,75,0,1,0,7,15,46.7,14,29,48.3,32,79,40.5,31,86,36
Tomas Satoransky,CHI,29,214,54,76,71.1,8,26,30.8,8,20,40,9,13,69.2,19,44,43.2,15,35,42.9
Jeremy Lamb,IND,28,213,24,50,48,9,22,40.9,17,29,58.6,3,12,25,7,20,35,35,80,43.8
Justin Jackson,OKC,26,212,33,46,71.7,10,29,34.5,6,18,33.3,3,6,50,10,39,25.6,24,74,32.4
DeMarcus Cousins,HOU,30,210,34,81,42,5,9,55.6,1,2,50,0,2,0,13,24,54.2,26,92,28.3
Cody Zeller,CHA,28,209,95,150,63.3,7,27,25.9,4,7,57.1,2,3,66.7,0,5,0,3,17,17.6
Khem Birch,ORL,28,207,55,96,57.3,19,47,40.4,7,25,28,8,16,50,5,21,23.8,0,2,0
Robert Williams III,BOS,23,206,131,165,79.4,11,20,55,6,9,66.7,3,11,27.3,0,1,0,0,0,0
Kira Lewis Jr.,NOP,20,205,50,86,58.1,6,25,24,3,15,20,2,8,25,9,30,30,17,41,41.5
Cameron Payne,PHX,26,204,30,60,50,8,20,40,12,22,54.5,8,10,80,12,26,46.2,27,66,40.9
PJ Dozier,DEN,24,204,40,71,56.3,7,19,36.8,2,9,22.2,5,19,26.3,14,39,35.9,17,47,36.2
DeAndre Jordan,BKN,32,203,152,193,78.8,4,6,66.7,0,1,0,0,0,0,0,2,0,0,1,0
Chuma Okeke,ORL,22,202,27,43,62.8,5,19,26.3,5,13,38.5,9,20,45,20,49,40.8,22,58,37.9
Maxi Kleber,DAL,29,197,15,27,55.6,2,7,28.6,2,5,40,3,7,42.9,29,64,45.3,35,87,40.2
Alex Caruso,LAL,27,194,33,65,50.8,3,16,18.8,4,12,33.3,4,10,40,21,58,36.2,15,33,45.5
Jeff Teague,MIL,32,192,30,54,55.6,14,39,35.9,6,21,28.6,3,15,20,9,23,39.1,18,40,45
Solomon Hill,ATL,30,192,17,33,51.5,3,9,33.3,0,1,0,3,4,75,26,69,37.7,23,76,30.3
Brad Wanamaker,CHA,31,191,40,76,52.6,5,18,27.8,1,9,11.1,5,13,38.5,8,21,38.1,13,54,24.1
James Ennis III,ORL,30,189,42,71,59.2,7,22,31.8,4,8,50,4,7,57.1,21,34,61.8,16,47,34
Xavier Tillman,MEM,22,187,54,84,64.3,17,32,53.1,14,27,51.9,1,1,100,9,32,28.1,2,11,18.2
Devin Vassell,SAS,20,186,18,31,58.1,4,11,36.4,9,23,39.1,7,24,29.2,20,56,35.7,17,41,41.5
Bismack Biyombo,CHA,28,184,97,157,61.8,6,18,33.3,3,7,42.9,0,1,0,0,1,0,0,0,0
Gabe Vincent,MIA,24,184,28,45,62.2,3,10,30,2,4,50,2,7,28.6,10,40,25,24,78,30.8
Derrick Favors,UTA,29,183,82,122,67.2,18,27,66.7,9,19,47.4,5,12,41.7,0,3,0,0,0,0
Garrison Mathews,WAS,24,183,10,15,66.7,1,5,20,1,3,33.3,4,5,80,28,64,43.8,35,91,38.5
Kevin Porter Jr.,HOU,20,181,36,53,67.9,11,23,47.8,10,22,45.5,4,8,50,6,21,28.6,11,54,20.4
Andre Iguodala,MIA,37,180,20,33,60.6,2,5,40,1,5,20,0,1,0,30,85,35.3,17,51,33.3
Hassan Whiteside,SAC,31,179,53,82,64.6,29,64,45.3,11,20,55,5,11,45.5,1,1,100,0,1,0
James Johnson,NOP,34,179,56,82,68.3,5,18,27.8,2,5,40,1,2,50,11,40,27.5,11,32,34.4
Patrick Beverley,LAC,32,179,23,44,52.3,6,11,54.5,0,4,0,0,1,0,24,47,51.1,27,72,37.5
Precious Achiuwa,MIA,21,178,95,151,62.9,2,12,16.7,3,8,37.5,1,7,14.3,0,0,0,0,0,0
Mitchell Robinson,NYK,23,176,113,170,66.5,2,6,33.3,0,0,0,0,0,0,0,0,0,0,0,0
Alex Len,WAS,27,174,90,117,76.9,12,27,44.4,2,8,25,0,1,0,4,15,26.7,2,6,33.3
Frank Kaminsky,PHX,28,174,42,70,60,8,20,40,4,12,33.3,1,7,14.3,13,22,59.1,14,43,32.6
Wesley Matthews,LAL,34,174,11,21,52.4,2,5,40,1,4,25,0,6,0,22,63,34.9,26,75,34.7
Dean Wade,CLE,24,173,26,42,61.9,2,4,50,4,7,57.1,0,4,0,12,35,34.3,28,81,34.6
Jordan McLaughlin,MIN,24,173,27,72,37.5,14,33,42.4,5,9,55.6,0,1,0,10,29,34.5,10,29,34.5
Juancho Hernangomez,MIN,25,173,45,76,59.2,1,5,20,0,0,0,0,0,0,18,43,41.9,11,49,22.4
Semi Ojeleye,BOS,26,171,15,27,55.6,3,7,42.9,2,10,20,1,1,100,29,73,39.7,20,53,37.7
Sekou Doumbouya,DET,20,167,37,67,55.2,2,13,15.4,0,9,0,0,1,0,8,30,26.7,11,47,23.4
Facundo Campazzo,DEN,30,166,12,21,57.1,7,17,41.2,2,7,28.6,1,5,20,19,49,38.8,22,67,32.8
Matisse Thybulle,PHI,24,165,31,49,63.3,4,10,40,1,5,20,0,1,0,9,47,19.1,21,53,39.6
Jarred Vanderbilt,MIN,22,163,96,147,65.3,1,9,11.1,0,2,0,0,1,0,1,3,33.3,0,1,0
Josh Okogie,MIN,22,163,42,79,53.2,0,11,0,0,3,0,0,1,0,7,39,17.9,9,30,30
Nemanja Bjelica,MIA,32,163,47,71,66.2,6,21,28.6,1,1,100,1,4,25,6,15,40,14,51,27.5
Grant Williams,BOS,22,160,25,44,56.8,9,20,45,1,7,14.3,3,4,75,25,50,50,9,35,25.7
Marc Gasol,LAL,36,158,13,20,65,8,16,50,5,17,29.4,3,4,75,8,20,40,28,81,34.6
Caleb Martin,CHA,25,157,32,59,54.2,1,6,16.7,0,2,0,3,7,42.9,13,44,29.5,13,39,33.3
Jake Layman,MIN,27,157,57,79,72.2,1,8,12.5,0,2,0,1,2,50,8,36,22.2,11,30,36.7
Nerlens Noel,NYK,26,157,83,122,68,8,17,47.1,2,10,20,2,6,33.3,0,1,0,0,1,0
Gary Harris,ORL,26,156,39,63,61.9,2,6,33.3,1,3,33.3,2,7,28.6,21,51,41.2,4,26,15.4
Jarrett Culver,MIN,22,151,48,87,55.2,3,16,18.8,1,2,50,0,3,0,6,21,28.6,4,22,18.2
Edmond Sumner,IND,25,149,50,78,64.1,5,13,38.5,1,2,50,0,4,0,11,26,42.3,8,26,30.8
Obi Toppin,NYK,23,149,43,65,66.2,4,11,36.4,3,8,37.5,2,4,50,8,30,26.7,12,31,38.7
Justise Winslow,MEM,25,146,21,40,52.5,14,26,53.8,4,18,22.2,3,13,23.1,6,34,17.6,2,15,13.3
Willy Hernangomez,NOP,26,141,64,107,59.8,10,21,47.6,1,5,20,0,0,0,1,3,33.3,0,5,0
Tyler Johnson,BKN,28,140,8,16,50,2,5,40,2,6,33.3,4,10,40,23,52,44.2,17,51,33.3
Tony Snell,ATL,29,139,7,16,43.8,4,9,44.4,7,15,46.7,1,4,25,32,58,55.2,22,37,59.5
Mo Bamba,ORL,22,138,35,51,68.6,4,10,40,2,6,33.3,7,17,41.2,7,16,43.8,10,38,26.3
Ty Jerome,OKC,23,138,11,16,68.8,9,20,45,6,15,40,0,5,0,13,29,44.8,21,53,39.6
Moritz Wagner,BOS,23,135,44,67,65.7,5,15,33.3,0,2,0,0,1,0,5,13,38.5,12,37,32.4
P.J. Tucker,MIL,35,135,18,34,52.9,1,5,20,1,4,25,0,0,0,26,80,32.5,3,12,25
Dennis Smith Jr.,DET,23,132,19,39,48.7,3,7,42.9,6,11,54.5,5,14,35.7,7,21,33.3,13,40,32.5
Kevin Knox II,NYK,21,132,17,31,54.8,0,4,0,0,3,0,2,9,22.2,25,50,50,10,35,28.6
Austin Rivers,NYK,28,131,21,36,58.3,3,13,23.1,5,8,62.5,1,1,100,9,25,36,18,48,37.5
Ish Smith,WAS,32,131,18,40,45,9,22,40.9,5,18,27.8,9,26,34.6,5,14,35.7,4,11,36.4
Jusuf Nurkic,POR,26,131,47,89,52.8,6,16,37.5,2,2,100,2,6,33.3,2,4,50,5,14,35.7
DeAndre' Bembry,TOR,26,130,56,82,68.3,5,13,38.5,1,3,33.3,0,2,0,4,14,28.6,5,16,31.3
Gary Clark,DEN,26,130,8,13,61.5,1,6,16.7,0,1,0,0,3,0,20,56,35.7,11,51,21.6
Dylan Windler,CLE,24,129,24,38,63.2,5,10,50,2,5,40,0,0,0,15,41,36.6,11,35,31.4
Lamar Stevens,CLE,23,128,34,50,68,4,16,25,10,25,40,6,11,54.5,2,10,20,2,16,12.5
Jaxson Hayes,NOP,20,127,73,101,72.3,7,18,38.9,1,4,25,2,2,100,1,2,50,0,0,0
Saben Lee,DET,21,127,41,76,53.9,10,30,33.3,4,9,44.4,0,0,0,6,9,66.7,1,3,33.3
Willie Cauley-Stein,DAL,27,127,70,105,66.7,2,3,66.7,3,6,50,1,3,33.3,2,6,33.3,1,4,25
Brandon Goodwin,ATL,25,125,13,36,36.1,7,13,53.8,7,11,63.6,1,3,33.3,8,20,40,11,42,26.2
Mike Scott,PHI,32,125,9,16,56.3,0,3,0,2,5,40,0,3,0,11,31,35.5,22,67,32.8
Cody Martin,CHA,25,124,38,63,60.3,4,7,57.1,1,6,16.7,3,6,50,9,34,26.5,2,8,25
Max Strus,MIA,25,122,22,23,95.7,0,0,0,0,0,0,0,0,0,13,33,39.4,22,66,33.3
Mychal Mulder,GSW,26,122,8,15,53.3,1,1,100,0,0,0,0,0,0,21,52,40.4,19,54,35.2
George Hill,PHI,34,120,24,35,68.6,7,11,63.6,4,10,40,3,5,60,10,26,38.5,13,33,39.4
Kenyon Martin Jr.,HOU,20,119,53,82,64.6,1,8,12.5,1,2,50,0,1,0,6,17,35.3,3,9,33.3
Langston Galloway,PHX,29,119,5,11,45.5,5,8,62.5,7,14,50,8,13,61.5,20,52,38.5,12,21,57.1
Moses Brown,OKC,21,117,62,98,63.3,5,18,27.8,0,1,0,0,0,0,0,0,0,0,0,0
Abdel Nader,PHX,27,116,31,55,56.4,7,12,58.3,1,4,25,0,2,0,8,18,44.4,10,25,40
Mason Jones,PHI,22,115,16,29,55.2,4,9,44.4,3,6,50,3,6,50,6,12,50,18,53,34
Juan Toscano-Anderson,GSW,27,114,40,62,64.5,3,5,60,0,0,0,0,0,0,9,23,39.1,12,24,50
Nassir Little,POR,21,114,21,31,67.7,4,9,44.4,1,3,33.3,3,9,33.3,7,21,33.3,17,41,41.5
Stanley Johnson,TOR,24,112,18,39,46.2,0,2,0,1,2,50,0,1,0,14,36,38.9,12,32,37.5
Gorgui Dieng,SAS,31,111,19,29,65.5,4,7,57.1,7,14,50,3,10,30,10,21,47.6,14,30,46.7
Rajon Rondo,LAC,35,111,24,50,48,1,9,11.1,1,4,25,2,2,100,5,16,31.3,11,30,36.7
Chasson Randle,ORL,28,108,14,26,53.8,2,8,25,1,3,33.3,1,6,16.7,9,26,34.6,15,39,38.5
Isaiah Hartenstein,CLE,22,108,44,79,55.7,10,19,52.6,1,2,50,0,2,0,0,1,0,2,5,40
Avery Bradley,HOU,30,107,18,24,75,1,6,16.7,1,4,25,2,8,25,13,38,34.2,11,27,40.7
Frank Jackson,DET,22,107,13,21,61.9,4,15,26.7,3,11,27.3,1,1,100,18,35,51.4,8,24,33.3
Troy Brown Jr.,CHI,21,106,15,21,71.4,2,7,28.6,4,7,57.1,1,12,8.3,9,24,37.5,11,35,31.4
Dwight Powell,DAL,29,105,46,78,59,0,7,0,0,2,0,0,0,0,1,5,20,4,13,30.8
Kevon Looney,GSW,25,105,46,73,63,7,13,53.8,3,6,50,1,3,33.3,1,2,50,3,8,37.5
R.J. Hampton,ORL,20,105,24,40,60,3,12,25,7,15,46.7,4,9,44.4,4,9,44.4,4,20,20
Markelle Fultz,ORL,22,104,20,33,60.6,9,22,40.9,4,10,40,4,17,23.5,1,12,8.3,3,10,30
Nicolas Claxton,BKN,21,104,55,78,70.5,5,18,27.8,0,1,0,0,2,0,1,5,20,0,0,0
Drew Eubanks,SAS,24,103,39,64,60.9,9,26,34.6,2,6,33.3,2,5,40,1,2,50,0,0,0
Goga Bitadze,IND,21,103,37,51,72.5,4,14,28.6,1,2,50,2,3,66.7,0,3,0,8,30,26.7
Tony Bradley,OKC,23,103,57,76,75,8,16,50,3,5,60,1,2,50,0,2,0,0,2,0
E'Twaun Moore,PHX,32,102,11,26,42.3,12,27,44.4,8,12,66.7,1,3,33.3,8,19,42.1,3,15,20
Boban Marjanovic,DAL,32,101,38,64,59.4,5,14,35.7,3,9,33.3,3,8,37.5,0,0,0,0,6,0
Jevon Carter,PHX,25,101,4,5,80,2,7,28.6,2,4,50,8,14,57.1,5,26,19.2,16,45,35.6
Daniel Gafford,WAS,22,100,62,80,77.5,5,12,41.7,2,4,50,1,4,25,0,0,0,0,0,0
